artist	date	venue	notes
Ali Berger	12/8/2011	The Middle East, Boston	
All Natural	4/30/2014	SOB's	With Kso & Khalah
Aloe Blacc	8/5/2012	Osheaga, Montreal, Quebec	
Alt-J	6/8/2013	Governor's Ball, Randall's Island NYC	
Amadou & Miriam	8/3/2012	Osheaga, Montreal, Quebec	
Amon Tobin	10/27/2011	Brooklyn Masonic Temple	ISAM Live
An-ten-nae	8/10/2013	The Big Up, Claverack, NY	
Andrew Bird	10/9/2008	The Egg, Albany	
Andrew Bird	6/10/2011	Prospect Park Bandshell	With Feeley
Angel Haze	10/19/2012	Grammercy Theatre	Mass Appeal Showcase
Animal Collective	6/12/2009	Bonnaroo 2009	
Animal Collective	7/12/2011	Prospect Park Bandshell	
Animal Collective	7/15/2011	Pitchfork Fest 2011, Chicago	
Animal Collective 	3/7/2013	House of Blues, Boston 	With becks and tom
Arcade Fire	8/24/2014	Barclays Center	
Architecture In Helsinki	11/18/2011	Irving Plaza	
ARMS	10/17/2014	Cameo Gallery	Tlacael's Band
Atlas Sound	10/22/2009	Paradise Rock, Boston	
Atlas Sound	6/16/2011	St. Cecilia's Church	Northside Festival 2011
Atlas Sound	8/3/2012	Osheaga, Montreal, Quebec	
Atlas Sound	10/4/2014	Webster Hall	Downtown Music Festival
Avey Tare	9/11/2010	Governor's Island	
Avey Tare's Slasher Flicks	10/4/2014	Webster Hall	Downtown Music Festival
Bad Cello	7/5/2013	Glasslands	With becks, taty and rebecca han
Bad Cello	6/1/2013	Pianos	
Bad Cello	1/8/2015	Shea Stadium	With Alexis
Band of Horses	6/14/2009	Bonnaroo 2009	
Bassnectar	7/20/2012	Firefly Music Festival	
Bassnectar	7/12/2013	Camp Bisco 12	
Bastille	6/6/2014	Governor's Ball	
Bastille	10/9/2014	Radio City Music Hall	
Baths	10/20/2010	The Cake Shop	First time
Baths	10/21/2010	Pianos	Second time
Baths	10/22/2010	Knitting Factory	Third time
Baths	2/12/2011	Knitting Factory	Fourth time, w/ the ChKris's
Baths	7/17/2011	Pitchfork Fest 2011, Chicago	
Battles	7/15/2011	Pitchfork Fest 2011, Chicago	
BB King	05/14/2008	Stanley Theatre	
Beats Antique	8/10/2013	The Big Up, Claverack, NY	
Beats Antique	10/23/2014	Best Buy Theater	Creature Carnival with Alen and Feeley
Beirut	6/17/2011	McCarren Park	Northside Festival 2011
Beirut	8/29/2012	Central Park Summerstage	Camped outside andy and olivia inside
Belle and Sebastian	2/25/2006	The Docks, Toronto	Ran into Alexis and Sarah Yoss
Belle and Sebastian	9/30/2010	Williamsburg Waterfront	Second time, with Reyes
Belle Orchestre	4/25/2006	Hamilton College	
Big Gigantic	7/29/2011	Big Up 2	It started pouring down rain
Big Gigantic	7/12/2014	Saugerties, NY	Hudson Music Project
Big Gigantic	7/17/2015	Camp Bisco	
Bishop Nehru	8/5/2015	East River Park, NY	
Black Eyed Peas	04/28/2006	Turning Stone Casino	
Black Moth Super Rainbow	7/8/2011	Camp Bisco 10	
Bleeding Rainbow	2/11/2013	The Cake Shop	
Bluetech	9/25/2013	Highline Ballroom	
BLVD	07/17/2009	Camp Bisco 8	
Bombay Bicycle Club	9/15/2011	Terminal 5	
Bombay Bicycle Club	7/22/2012	Firefly Music Festival	
Bombay Bicycle Club	8/3/2012	Osheaga, Montreal, Quebec	
Bon Iver	06/13/2009	Bonnaroo 2009	
Bonobo	10/12/2013	Terminal 5	with live band and powers
Bonobo	7/12/2014	Saugerties, NY	Hudson Music Project
Born Gold	3/23/2012	Mercury Lounge	
Boyz Noize	7/11/2013	Camp Bisco 12	
Brandt Brauer Frick	8/4/2012	Osheaga, Montreal, Quebec	
Break Science	7/17/2009	Camp Bisco 8	First time
Break Science	9/9/2009	Somerville Theatre	Second time, opened for Mike Gordon
Break Science	7/8/2011	Camp Bisco 10	with RJD2
Broadcast	10/22/2009	Paradise Rock, Boston	
Brother Ali	11/12/2009	Tufts University	
Built to Spill	10/11/2009	Middle East, Boston	They came on late and I had to leave a few songs in to catch the T before service ended for the night
Built to Spill	6/13/2015	Williamsburg Waterfront	With Kris Pesci
Cake	09/28/2008	The Armory, Rochester	They gave away an apple tree to the fan who could guess the percentage of the worldâ€™s population that lives without running water
Cake	7/21/2012	Firefly Music Festival	
Caribou	7/2/2010	 Dream Factory, Shanghai	Swim was super trippy, great light show
Caribou	8/6/2015	East River Park, NY	
Chance the Rapper	6/7/2014	Governor's Ball	Great set!
Chappo	8/5/2012	Osheaga, Montreal, Quebec	
Childish Gambino	6/7/2014	Governor's Ball	Disappointing
Chromeo	04/29/2006	Hamilton College	Spring Fest, first time
Chromeo	07/17/2009	Camp Bisco 8	Kinda second time, heard from car in rain
Chromeo	6/6/2015	Governor's Ball	
Circulatory System	10/7/2008	The Bug Jar, Rochester	
Cold Cave	7/16/2011	Pitchfork Fest 2011, Chicago	
Cold War Kids	7/22/2012	Firefly Music Festival	
Com Truise	7/11/2013	Camp Bisco 12	
Comfy	6/15/2014	Muchmore's, Brookyn, NY	Northside Fest
Comfy	1/14/2015	Cameo Gallery	With Becks
Common	8/5/2012	Osheaga, Montreal, Quebec	
Courtney Barnett	10/16/2013	Glasslands	
Crumbs 	5/14/2013	Knitting Factory 	
Crystal Castles	6/7/2013	Governor's Ball, Randall's Island NYC	
Crystal Fighters	6/19/2013	Webster Hall	
Cursive	8/4/2012	Osheaga, Montreal, Quebec	
Cut Copy	7/7/2011	Camp Bisco 10	
Dale Earnhardt Jr Jr	10/18/2010	Rebel NYC	Conflict of Interest Pre-CMJ Party
Damien Marley	7/17/2009	Camp Bisco 8	With Nas
Dan Black	9/9/2010	Bowery Ballroom	
Dan Deacon	08/2/2009	Brooklyn Bowl	First time, moved from waterfront, got into first set
Dan Deacon	11/8/2009	Pozen Center Mass Art, Boston	Second time, met Dan
Dan Deacon	1/20/2011	Kaufman Center	W/ So Percussion @ Ecstatic Music Festival
Dan Deacon	7/12/2012	Pier 84	Free show!
Dan Deacon	7/12/2013	Camp Bisco 12	Formed a bridge outside the tent
Dan Deacon	8/24/2014	Barclays Center	
Dan Deacon	11/16/2012	Bowery Ballroom	With Nick Meyers
Dan Mangan	8/5/2012	Osheaga, Montreal, Quebec	
Das Racist	7/8/2011	Camp Bisco 10	
Das Racist	7/15/2011	Pitchfork Fest 2011, Chicago	
Das Racist	6/19/2012	Red Hook Park	
Deastro	11/10/2009	Great Scott, Boston	Had to leave early to make the T
Death Cab for Cutie	8/2/2011	Williamsburg Waterfront	Got becks the setlist
Death Cab for Cutie	4/21/2012	Wang Theater, Boston	
Death Cab for Cutie	7/22/2012	Firefly Music Festival	
Death Cab for Cutie	1/28/2015	Music Hall of Williamsburg	With Becks front row!
Deerhunter	8/2/2009	Brooklyn Bowl	First Set
Deerhunter	7/17/2011	Pitchfork Fest 2011, Chicago	
Deerhunter	6/9/2013	Governor's Ball, Randall's Island NYC	
Delicate Steve	6/1/2012	Terminal 5	
Delorean	8/29/2013	House of Vans	
Desert Dwellers	4/4/2014	Irving Plaza	
Destroyer	7/16/2011	Pitchfork Fest 2011, Chicago	
Digital Tape Machine	7/29/2011	Big Up 2	
Digital Tape Machine	7/11/2013	Camp Bisco 12	
Dillion Francis	7/9/2011	Camp Bisco 10	
Dirty Projectors	7/10/2012	Prospect Park Bandshell	Listened from behind the fence
Dirty Projectors	6/8/2013	Governor's Ball, Randall's Island NYC	
Dirtyphonics Live	7/14/2013	Camp Bisco 12	
Disco Biscuits	07/16/2009	Camp Bisco 8	
Disco Biscuits	07/17/2009	Camp Bisco 8	
Disco Biscuits	07/18/2009	Camp Bisco 8	
Disco Biscuits	7/8/2011	Camp Bisco 10	
Disco Biscuits	7/11/2013	Camp Bisco 12	
Disco Biscuits	7/12/2013	Camp Bisco 12	
Disco Biscuits	7/12/2013	Camp Bisco 12	
Disco Biscuits	7/18/2015	Camp Bisco 13	
DJ Numark	7/16/2010	The Shelter, Shanghai	DMC China Afterparty, went with Shawn Li
DJ Shadow	7/16/2011	Pitchfork Fest 2011, Chicago	
Django Django	10/2/2012	Bowery Ballroom	
Dopapod	8/8/2013	The Big Up, Claverack, NY	
Dr. Dog	07/17/2009	Camp Bisco 8	
Drake	6/5/2015	Governor's Ball	
Ducktails 	1/28/2012	K&K Super Buffet, Ridgewood NY	
Ducktails 	7/3/2011	Music Hall of Williamsburg	
Dustin Wong	7/7/2012	285 Kent Ave	Nick Meyers Celebration
Eagulls	10/16/2013	Glasslands	
Easy Star All-Stars	7/8/2011	Camp Bisco 10	
Easy Star All-Stars	5/7/2010	Wescott Theatre, Syracuse	Disco Biscuits After-Party; was with Powers, Melissa and Matt O'Bryan
Edward Sharpe	6/8/2013	Governor's Ball, Randall's Island NYC	
Elephant Six Orchestra	3/23/2011	Le Poisson Rouge	
Elf Power	4/29/2006	Hamilton College	
Elf Power	10/7/2008	The Bug Jar, Rochester	
Emancipator	10/23/2014	Best Buy Theater	Creature Carnival
EOTO	7/30/2011	Big Up 2	
EOTO	4/20/2012	Roseland Ballroom	
EOTO	9/7/2012	Catskill Chill, Hancock NY	
Escort	8/9/2013	The Big Up, Claverack, NY	
Eskmo	8/10/2013	The Big Up, Claverack, NY	
Exmag	7/18/2015	Camp Bisco 13	
Explosions in the Sky	4/6/2011	Radio City Music Hall	Met Dave from NJ with a bad back
Explosions in the Sky 	2/14/2012	NYU Kimmel Center	
FKA Twigs 	5/17/2015	Brooklyn Hangar, Sunset Park, NY 	Congregata with Omar and Jason Collado 
Flaming Lips	7/11/2014	Saugerties, NY	Hudson Music Project
Fleet Foxes	7/16/2011	Pitchfork Fest 2011, Chicago	
Flobots	11/7/2008	Hamilton College	
Florence and the Machine	8/3/2012	Osheaga, Montreal, Quebec	
Flume	10/17/2012	The Cake Shop	CMJ
Flying Lotus	07/16/2009	Camp Bisco 8	
Foster the People	6/8/2014	Governor's Ball	
Four Tet	7/8/2011	Camp Bisco 10	
Fourtet	7/12/2014	Saugerties, NY	Hudson Music Project
Foxygen	5/14/2013	Knitting Factory	
Franz Ferdinand	8/3/2012	Osheaga, Montreal, Quebec	
Freelance Whales	8/3/2012	Osheaga, Montreal, Quebec	
Frightened Rabbit	8/2/2011	Williamsburg Waterfront	
Gable	6/11/2010	B-Sides Fest, Luzern	
Gala Drop	9/11/2010	Governor's Island	Second opener Panda Bear
Gang Gang Dance	7/16/2011	Pitchfork Fest 2011, Chicago	
Gary Clark Jr	8/3/2012	Osheaga, Montreal, Quebec	
Gatekeeper	7/23/2011	285 Kent Ave	
Gatekeeper	7/15/2011	Pitchfork Fest 2011, Chicago	
Gaudi	8/9/2013	The Big Up, Claverack, NY	
George Ezra	7/28/2015	Terminal 5	With Renee Becks and Mom
Ghostface Killah	2/7/2009	Hamilton College	
Giant Panda Guerilla Dub Squad	5/7/2010	Wescott Theatre, Syracuse	Opened for Easy Star All-Stars
Girl Talk	3/22/2008	University of Rochester	First time
Girl Talk	9/5/2008	Colgate University	Second time, stage collapsed
Girl Talk	6/12/2009	Bonnaroo 2009	Third time
Gold Panda	7/12/2014	Saugerties, NY	Hudson Music Project
Gotye	3/25/2012	Terminal 5	
Gotye	4/25/2012	Terminal 5	
Govinda	1/3/2015	Slake	Tipper After-party
Gramatik	7/14/2013	Camp Bisco 12	Best set of the weekend, with Josh Hering
Gramatik	1/24/2015	Best Buy Theater	With Sam Berman
Gravity A	7/13/2013	Camp Bisco 12	
Grimes	3/23/2012	Mercury Lounge	
Grizzly Bear	10/6/2007	Hamilton College	First time seeing them
Grizzly Bear	6/12/2009	Bonnaroo 2009	Second time
Grizzly Bear	6/9/2013	Governor's Ball, Randall's Island NYC	
Guster	8/9/2006	NY High Falls, Rochester	Went with my mom
Haywyre	7/17/2015	Camp Bisco	
Hey Ocean!	8/3/2012	Osheaga, Montreal, Quebec	
Hieroglyphics	8/21/2014	Brooklyn Bowl	Free ticket from Sam
Higher Organix	7/29/2011	Big Up 2	
Holy Fuck	8/9/2013	The Big Up, Claverack, NY	
Holy Ghost	7/11/2014	Saugerties, NY	Hudson Music Project
HONEY	7/13/2012	Big Mouth	
Hoobastank	1/17/2004	Worcester Centrum Centre, Boston	
Hot Club of San Francisco	11/17/2007	Munson-Williams, Utica	
Icona Pop	6/8/2013	Governor's Ball, Randall's Island NYC	
ill.gates	9/27/2013	Bushwick Warehouse	
Ilovemakonnen	4/29/2015	Music Hall of Williamsburg 	With Becks, we were so tired that we hung on the couches until he went on
Infected Mushroom	1/1/2011	Hammerstein Ballroom	NYE 2011 w/ Steph & Powers
Ingrid Michaelson	2/21/2008	Hamilton College	
Isiah Rashad	7/13/2014	Saugerties, NY	Hudson Music Project
J Phlip	7/17/2015	Camp Bisco 13	
Jacklndn	7/17/2015	Camp Bisco 13	
James Blake	7/15/2011	Pitchfork Fest 2011, Chicago	
Janelle Monae	9/18/2010	Terminal 5	With Renee and Mike Reyes
Janelle Monae 	1/28/2014	College in Bronx 	
Janelle Monae 	6/6/2014	Governor's Ball	Similar show to in Feb
Jason Mraz	5/16/2006	Turning Stone Casino	
Javelin	11/1/2009	Great Scott, Boston	Opened for The Very Best
Jeff Bujak	9/7/2012	Catskill Chill, Hancock NY	
Jeff Bujak	8/9/2013	The Big Up, Claverack, NY	
Jeff Bujak 	12/8/2011	The Middle East, Boston	
Jeff Mangum	11/6/2011	Loew's Theatre, NJ	
Jeff Mangum	10/29/2011	Town Hall	
Julian Casblancas	6/6/2014	Governor's Ball	
Justice	8/5/2012	Osheaga, Montreal, Quebec	
Justice 	3/16/2012	Terminal 5	
Justin Jay	7/17/2015	Camp Bisco 13	
K'naan	7/17/2009	Camp Bisco 8	
Kanye West	6/9/2013	Governor's Ball, Randall's Island NYC	
Kanye West 	11/19/2013	Barclays Center	
Katrtradamus	8/4/2012	Osheaga, Montreal, Quebec	
Kendrick Lamar	6/8/2013	Governor's Ball, Randall's Island NYC	
Kendrick Lamar	7/12/2014	Saugerties, NY	Hudson Music Project
Kendrick Lamar 	11/19/2013	Barclays Center 	
Kevin Barnes	4/11/2014	Le Poisson Rouge	Acoustic Set, Played Old Tracks, With Joe & Liz
Keys and Krates	8/5/2012	Osheaga, Montreal, Quebec	
Kid Koala	10/1/2009	Great Scott, Boston	
Kill the Noise	7/17/2015	Camp Bisco	
Kirk Knight	2/11/2015	SOB's	
Knife City	12/14/2011	Glasslands	
Knife Party	8/5/2012	Osheaga, Montreal, Quebec	
Kung Fu	8/10/2013	The Big Up, Claverack, NY	Prince Tribute Set
Kung Fu	7/16/2015	Camp Bisco	
Kung Fu	6/20/2015	Saranac Brewery	
Kurt Vile and the Violators	7/17/2011	Pitchfork Fest 2011, Chicago	
Kygo	9/28/2014	Music Hall of Williamsburg 	
Lafa Taylor	10/23/2014	Best Buy Theater	Creature Carnival
LCD Soundsystem	7/18/2009	Camp Bisco 8	James Murphy & Pat did Disco set
Lemonade	10/2/2012	Bowery Ballroom	
Lettuce	9/4/2009	Berklee's Cafe 939, Boston	
Linkin Park	1/17/2004	Worcester Centrum Centre, Boston	Meteora World Tour
Little Dragon	8/4/2012	Osheaga, Montreal, Quebec	
Lotus	7/7/2011	Camp Bisco 10	
LP	8/3/2012	Osheaga, Montreal, Quebec	
LTJ Bukem	7/14/2013	Camp Bisco 12	With Matt Cook and Matt O Bryan
Lupe Fiasco	9/19/2008	Stanley Theatre	
Lykke Li	8/1/2011	Central Park Summerstage	
M83	8/5/2012	Osheaga, Montreal, Quebec	
Madeon	8/5/2012	Osheaga, Montreal, Quebec	
Man Man	10/6/2007	Hamilton College	
Man Man	8/4/2011	House of Vans	
Matchbox 20	2/12/2008	Turning Stone Casino	
Matoma	7/17/2015	Camp Bisco	
Matt & Kim	4/10/2010	Hamilton College	
Max Tundra	11/10/2009	Great Scott, Boston	Met Max
Memoryhouse	8/4/2012	Osheaga, Montreal, Quebec	
Menomena	6/11/2010	B-Sides Fest, Luzern	
MGMT	6/13/2009	Bonnaroo 2009	Awesome night set!
MGMT	8/17/2010	Radio City Music Hall	Second time, encore was almost all new stuff. Should have ended with Kids
Miami Horror	10/2/2013	Le Poisson Rouge	Live Set
Micachu and the Shapes	6/1/2012	Terminal 5	
Micachu and the Shapes	6/12/2010	B-Sides Fest, Luzern	
Midnight Magic	6/19/2011	Music Hall of Williamsburg	Opened for YACHT
Midnight Magic 	12/3/2011	Santos Party House	
Miike Snow	3/30/2010	Scheine Center, Syracuse	Played onstage with Delorean, but only MSnow songs
Mike Gordon	9/9/2009	Somerville Theatre	
Milky Chance	7/22/2015	Central Park Summerstage	
Moby	7/12/2014	Saugerties, NY	Hudson Music Project
Modest Mouse	6/16/2008	The Armory, Rochester	Met band at trailer after concert
Modest Mouse	7/21/2012	Firefly Music Festival	
Modest Mouse	7/11/2014	Saugerties, NY	Hudson Music Project
Modest Mouse	3/18/2015	Webster Hall	With Becks
moe.	6/19/2015	Saranac Brewery	With Toti, Ben and Harrison
moe.	6/20/2015	Saranac Brewery	With Jestine
moe.	6/14/2008	The Brewery, Utica	Zach Smith went backstage as a bday present
Moon Hooch	7/11/2014	Saugerties, NY	Hudson Music Project
Moon Hooch	7/18/2015	Camp Bisco	
Nas	7/17/2009	Camp Bisco 8	Damien Marley was more popular w/ the crowd
Neon Indian	10/21/2011	Webster Hall	
Neon Indian	7/9/2011	Camp Bisco 10	
Neutral Milk Hotel	10/7/2009	The Bug Jar, Rochester	Met Jeff Mangum, heard instrumental from Julian Koster and Scott Spillane
Neutral Milk Hotel 	1/22/2014	Portchester NY	
Neutral Milk Hotel 	7/23/2014	Prospect Park Bandshell	Lightning storm and had to evacuate, Jeff Mangum almost kicked out
New Myths	10/17/2014	Cameo Gallery	
New Pornographers	4/29/2006	Hamilton College	Second time
New Pornographers	2/25/2006	The Docks, Toronto	First time seeing them
Nickelback	11/1/2003	Utica Auditorium	
No Age	8/2/2009	Brooklyn Bowl	First Set
Oberhofer	7/13/2012	Big Mouth	
Oberhofer	7/17/2013	McCarren Park	Summerscreen with becks 
Oberhofer 	3/21/2012	Bowery Ballroom	
Odd Future	7/17/2011	Pitchfork Fest 2011, Chicago	
Odesza	6/9/2015	Governor's Ball	
Of Montreal	3/7/2007	Hamilton College	First time seeing them
Of Montreal	6/13/2009	Bonnaroo 2009	Second time
Of Montreal	1/31/2010	Paradise Rock, Boston	Third time
Of Montreal	9/18/2010	Terminal 5	With Reyes
Of Montreal	3/31/2012	Webster Hall	
Of Montreal	10/27/2013	Music Hall of Williamsburg	Lou Reed tribute broke guitar, with Becks Renee and Nick
Of Montreal	3/11/2015	Webster Hall	With Joe and Liz
Of Montreal 	5/22/2013	Music Hall of Williamsburg 	With becks Joe billy and liz
Of Montreal 	10/28/2013	Music Hall of Williamsburg 	Second night with becks Joe and liz 
Oh Land	10/19/2010	Rebel NYC	Conflict of Interest Pre-CMJ Party
Ok Go	7/20/2012	Firefly Music Festival	
Okkervil River	6/14/2009	Bonnaroo 2009	
Olivia Tremor Control	10/7/2009	The Bug Jar, Rochester	Jeff Mangum joined in on a song
Orchard Lounge	1/3/2015	Best Buy Theater	
Otherwise	7/17/2009	Camp Bisco 8	
Ott	7/16/2009	Camp Bisco 8	
Ott	7/30/2011	Big Up 2	
Ott	9/25/2013	Highline Ballroom	With Joe and Liz
Outkast	6/6/2014	Governor's Ball	
Panda Bear	9/11/2010	Governor's Island	Went with Mark and Scott
Panda Bear	7/3/2011	Music Hall of Williamsburg	
Panda Bear	10/1/2011	Webster Hall	Got in for free with Tash
Panda Bear	5/18/2014	Warsaw, NY	Played through his new album, had disco biscuits-esque lasers
Papadosio	7/28/2011	Big Up 2	
Party supplies 	11/23/2013	Brooklyn Night Bazaar, Williamsburg 	
Passion Pit	5/7/2010	Hamilton College	Second time, headlined MayDay '10
Passion Pit	6/11/2009	Bonnaroo 2009	First big night set at Roo
Passion Pit	8/5/2012	Osheaga, Montreal, Quebec	
Passion Pit	7/14/2013	Camp Bisco 12	
Paul Oakenfold	6/12/2009	Bonnaroo 2009	
Penguin Prison	7/22/2012	Firefly Music Festival	
People Under the Stairs	6/11/2009	Bonnaroo 2009	
Phish	6/14/2009	Bonnaroo 2009	First time seeing them, last set of the festival
Phish	11/28/2009	Times Union Center, Albany	Second time
Phish	7/3/2012	Jones Beach	
Phish	7/6/2013	SPAC	With Jestine and Renee
Phish	7/5/2014	SPAC	With Jestine Cook and Renee
Phoenix	6/12/2009	Bonnaroo 2009	
Phoenix	6/6/2014	Governor's Ball	
POD	1/17/2004	Worcester Centrum Centre, Boston	
Pogo	3/5/2011	Highline Ballroom	w/ renee
Polica	8/3/2012	Osheaga, Montreal, Quebec	
Pond	3/21/2012	Bowery Ballroom	
Porcelain Raft	10/16/2013	Glasslands	
Portugal the man.	8/4/2012	Osheaga, Montreal, Quebec	
Pretty Lights	7/16/2015	Camp Bisco	
Prince Rama	10/17/2012	The Cake Shop	CMJ
Prometheus	7/16/2009	Camp Bisco 8	
Propofol	8/4/2012	Osheaga, Montreal, Quebec	
Purity Ring	10/21/2011	Webster Hall	
Purity Ring	7/10/2012	Prospect Park Bandshell	Listened from behind the fence
Ra Ra Riot	7/21/2012	Firefly Music Festival	
Radio Radio	8/3/2012	Osheaga, Montreal, Quebec	
Raq	7/30/2011	Big Up 2	
Ratatat	7/8/2011	Camp Bisco 10	
Ratatat	6/8/2015	Governor's Ball	
Ratking	8/5/2015	East River Park, NY	
Real Estate	1/28/2012	K&K Super Buffet, Ridgewood NY	
RJD2	5/1/2009	Hamilton College	
RJD2	8/22/2014	Rocks Off Boat Cruise	Josh Kaye & Becks
Robert Delong	7/11/2014	Saugerties, NY	Hudson Music Project
Rubblebucket	9/8/2012	Catskill Chill, Hancock NY	
Rubblebucket	7/11/2013	Camp Bisco 12	
Sage Francis	3/12/2015	Knitting Factory	With Sam Berman
Santigold	8/5/2012	Osheaga, Montreal, Quebec	
Say Hi	1/28/2015	Music Hall of Williamsburg	
SBTRKT	8/4/2012	Osheaga, Montreal, Quebec	Favorite set of the weekend!
Shpongle	7/16/2009	Camp Bisco 8	DJ Set with Raja Ram
Shpongle	1/1/2011	Hammerstein Ballroom	Shpongletron
Shpongle	10/28/2011	Hammerstein Ballroom	Shpongle Live
Shpongle	7/8/2011	Camp Bisco 10	Shpongle Live
Shpongle	4/20/2012	Roseland Ballroom	The Masquerade
Shpongle	9/27/2013	Bushwick Warehouse	
Shpongle 	4/4/2014	Irving Plaza	
Shpongle 	10/23/2014	Best Buy Theater	Creature Carnival, DJ Set
Sigur Ros	8/3/2012	Osheaga, Montreal, Quebec	
Sinkane	8/6/2015	East River Park, NY	
Skrillex	6/7/2014	Governor's Ball	
Sleigh Bells	4/8/2010	Spark Arts Center, Syracuse	
Sleigh Bells	6/7/2014	Governor's Ball	
Slow Magic	1/24/2015	Best Buy Theater	
Slow Magic	7/16/2015	Camp Bisco	
Snails	7/17/2015	Camp Bisco	
Snoop Dogg	6/14/2009	Bonnaroo 2009	
Solid Gold	10/17/2012	Pianos	CMJ
Sonic Youth	8/24/2006	NY State Fair, Syracuse	
Soullive	9/8/2012	Catskill Chill, Hancock NY	
Speedy Ortiz	9/3/2013	NYU Skirball	
Spoon	6/7/2014	Governor's Ball	
Squarepusher	7/11/2013	Camp Bisco 12	
Steve Babcock	8/16/2014	Rockwood Music Hall	
Story of the Year	1/17/2004	Worcester Centrum Centre, Boston	
Streetlight Manifesto	9/22/2009	House of Blues, Boston	
STS9	7/18/2009	Camp Bisco 8	Day Set, passed out before the night set
STS9	11/3/2012	Best Buy Theater	
STS9	7/11/2013	Camp Bisco 12	
STS9	7/11/2014	Saugerties, NY	Hudson Music Project
STS9	7/16/2015	Camp Bisco	
Sun Airway	7/16/2011	Pitchfork Fest 2011, Chicago	
Supersillyus	7/29/2011	Big Up 2	
Supersillyus 	12/8/2011	The Middle East, Boston	
Surface to Air Missive	10/27/2013	Music Hall of Williamsburg	
Surfer Blood	4/12/2010	The Shop, Ithaca, NY	
Surfer Blood	6/18/2011	McCarren Park	Northside Festival 2011
Sylvan Esso	7/25/2015	Propsect Park	With Eric and Cassie
SZA	7/12/2014	Saugerties, NY	Hudson Music Project
Talib Kweli	9/12/2010	Bushwick Block Party	
Tame Impala	8/5/2012	Osheaga, Montreal, Quebec	
Teengirl Fantasy	9/11/2010	Governor's Island	
Tegan and Sara	2/13/2010	Orpheum Theatre	Went with Renee
Television	8/24/2014	Barclays Center	
The Beastie Boys	6/12/2009	Bonnaroo 2009	
The Bloody Beetroots	6/8/2014	Governor's Ball	Great drummer but kinda boring
The Cool Kids	11/12/2009	Tufts University	
The Decemberists	11/9/2008	Cornell, Ithaca	First time
The Decemberists	06/13/2009	Bonnaroo 2009	Second time, watched part of set
The Decemberists	6/7/2015	Governor's Ball	
The Dirty Projectors	5/7/2010	Hamilton College	MayDay '10
The Flaming Lips	08/24/2006	NY State Fair, Syracuse	
The Flaming Lips	3/3/2011	Carnegie Hall	Played 2 song set, amazing rendition of Do you Realize? w/ Philip Glass
The Flaming Lips	7/22/2012	Firefly Music Festival	
The Killers	7/21/2012	Firefly Music Festival	
The Mars Volta	6/13/2009	Bonnaroo 2009	
The Metermaids	3/12/2015	Knitting Factory	
The Morning Benders	11/18/2010	Webster Hall	
The Mountain Goats	11/29/2009	Wilbur Theatre, Boston	Went with Jack Carter, Adam Felts was there
The National	2/16/2008	Hamilton College	
The New Deal	7/11/2014	Saugerties, NY	Hudson Music Project
The Phantom Band	10/22/2010	CMJ	
The Pixies 	5/22/2015	Ommegang Brewery, Cooperstown, NY	
The Ravonettes	8/4/2012	Osheaga, Montreal, Quebec	
The Roots	3/3/2011	Carnegie Hall	
The Shins	4/29/2012	Terminal 5	
The Shins	8/5/2012	Osheaga, Montreal, Quebec	
The Very Best	11/1/2009	Great Scott, Boston	
The Walkmen	11/9/2008	Cornell, Ithaca	
The Weeknd	8/3/2012	Osheaga, Montreal, Quebec	
The XX	6/9/2013	Governor's Ball, Randall's Island NYC	
These New Puritans	6/11/2010	B-Sides Fest, Luzern	B-Sides Festival
They Might Be Giants	7/26/2015	Music Hall of Williamsburg 	With Nick Meyers and Connor Bennincasa
Thievery Corporation	7/12/2013	Camp Bisco 12	
Thievery Corporation	6/8/2013	Governor's Ball, Randall's Island NYC	
Three Days Grace	10/27/2007	Utica Auditorium	
Tim Hecker	2/11/2010	Cambridge YMCA Theatre	Nate took me
Tipper	7/31/2011	Big Up 2	
Tipper	1/3/2015	Best Buy Theater	With Steph Feeley and Matt O Bryan
Tobacco	6/11/2009	Bonnaroo 2009	
Tobacco	10/4/2014	Webster Hall	Downtown Music Festival
Toro Y Moi	7/17/2011	Pitchfork Fest 2011, Chicago	
Toro Y Moi	7/12/2013	Camp Bisco 12	
Trapt	11/1/2003	Utica Auditorium	
Trey Anastasio 	10/5/2002	Stanley Theatre	
Trippple nippples 	12/14/2011	Glasslands	
Tune-Yards	6/1/2012	Terminal 5	With Renee
Turbo Fruits	4/12/2010	The Shop, Ithaca, NY	Opened for Surfer Blood
TV Girl	10/17/2013	Pianos	CMJ Day Show
TV on the Radio	6/12/2009	Bonnaroo 2009	
TV on the Radio	4/13/2011	Radio City Music Hall	
TV on the Radio	7/17/2011	Pitchfork Fest 2011, Chicago	
TV on the Radio 	5/22/2015	Ommegang Brewery, Cooperstown, NY	
Twin Shadow	7/16/2011	Pitchfork Fest 2011, Chicago	
Twin Wave	10/17/2014	Cameo Gallery	Vishnu's Band
Two Door Cinema Club	9/15/2011	Terminal 5	
Two Door Cinema Club	9/28/2012	Central Park Summerstage	
Umphrey's McGee	2/26/2010	House of Blues, Boston	Friday Night before expulsion
Umphrey's McGee	7/11/2013	Camp Bisco 12	
Umphrey's McGee	7/18/2015	River Stage at Great Plaza Philadelphia, Pennsylvania	With Matt O Bryan, Steph O Bryan and Christian Rovou
Vacationer	7/12/2013	Camp Bisco 12	Tripping at the Day set with Steph and Lauren
Vacationer	10/4/2014	Webster Hall	Downtown Music Festival
Vampire Weekend	6/8/2014	Governor's Ball	
VHS or Beta	7/14/2013	Camp Bisco 12	
Vialka	6/12/2010	B-Sides Fest, Luzern	
Wannabe Jalva	10/20/2014	Brooklyn Bowl	School Night
Weird Al Yankovic	7/14/2008	Turning Stone Casino	
White Denim	9/12/2014	Music Hall of Williamsburg 	With Jestine
Wilco	12/6/2008	Auditorium Theatre, Rochester	
Wild Nothing	7/16/2011	Pitchfork Fest 2011, Chicago	
Wolfgang Gartner	7/12/2013	Camp Bisco 12	
Woodkid	8/5/2012	Osheaga, Montreal, Quebec	
Xiu Xiu	6/11/2010	B-Sides Fest, Luzern	B-Sides Festival 2010
Xxyyxx	2/21/2013	285 Kent Ave	
YACHT	6/19/2011	Music Hall of Williamsburg	Northside Festival 2011
YACHT	7/11/2014	Saugerties, NY	Hudson Music Project
YACHT 	12/3/2011	Santos Party House	
Yeasayer	9/12/2008	Hamilton College	First time
Yeasayer	6/13/2009	Bonnaroo 2009	Second time
Yeasayer	7/9/2011	Camp Bisco 10	
Yeasayer	7/21/2012	Firefly Music Festival	
Yeasayer	8/4/2012	Osheaga, Montreal, Quebec	
Yeasayer	6/9/2013	Governor's Ball, Randall's Island NYC	
Young the Giant	8/4/2012	Osheaga, Montreal, Quebec	
Yuck	10/16/2013	Glasslands	
Zed's Dead	7/14/2013	Camp Bisco 12	
Zeus	8/5/2012	Osheaga, Montreal, Quebec	
